Index,Customer Id,First Name,Last Name,Company,City,Country,Phone 1,Phone 2,Email,Subscription Date,Website
1,DD37Cf93aecA6Dc,Sheryl,Baxter,Rasmussen Group,East Leonard,Chile,229.077.5154,397.884.0519x718,zunigavanessa@smith.info,2020-08-24,http://www.stephenson.com/
2,1Ef7b82A4CAAD10,Preston,Lozano,Vega-Gentry,East Jimmychester,Djibouti,5153435776,686-620-1820x944,vmata@colon.com,2021-04-23,http://www.hobbs.com/
3,6F94879bDAfE5a6,Roy,Berry,Murillo-Perry,Isabelborough,Antigua and Barbuda,+1-539-402-0259,(496)978-3969x58947,beckycarr@hogan.com,2020-03-25,http://www.lawrence.com/
4,5Cef8BFA16c5e3c,Linda,Olsen,"Dominguez, Mcmillan and Donovan",Bensonview,Dominican Republic,001-808-617-6467x12895,+1-813-324-8756,stanleyblackwell@benson.org,2020-06-02,http://www.good-lyons.com/
5,053d585Ab6b3159,Joanna,Bender,"Martin, Lang and Andrade",West Priscilla,Slovakia (Slovak Republic),001-234-203-0635x76146,001-199-446-3860x3486,colinalvarado@miles.net,2021-04-17,https://goodwin-ingram.com/
6,2d08FB17EE273F4,Aimee,Downs,Steele Group,Chavezborough,Bosnia and Herzegovina,(283)437-3886x88321,999-728-1637,louis27@gilmore.com,2020-02-25,http://www.berger.net/
7,EA4d384DfDbBf77,Darren,Peck,"Lester, Woodard and Mitchell",Lake Ana,Pitcairn Islands,(496)452-6181x3291,+1-247-266-0963x4995,tgates@cantrell.com,2021-08-24,https://www.le.com/
8,0e04AFde9f225dE,Brett,Mullen,"Sanford, Davenport and Giles",Kimport,Bulgaria,001-583-352-7197x297,(091)4983787,asnow@colon.com,2021-04-12,https://hammond-ramsey.com/
9,C2dE4dEEc489ae0,Sheryl,Meyers,Browning-Simon,Robersonstad,Cyprus,854-138-4911x5772,+1-448-910-2276x729,mariokhan@ryan-pope.org,2020-01-13,https://www.bullock.net/
10,8C2811a503C7c5a,Michelle,Gallagher,Beck-Hendrix,Elaineberg,Timor-Leste,739.218.2516x459,001-054-401-0347x617,mdyer@escobar.net,2021-11-08,https://arias.com/
11,216E205d6eBb815,Carl,Schroeder,"Oconnell, Meza and Everett",Shannonville,Guernsey,637-854-0256x825,114.336.0784x788,kirksalas@webb.com,2021-10-20,https://simmons-hurley.com/
12,CEDec94deE6d69B,Jenna,Dodson,"Hoffman, Reed and Mcclain",East Andrea,Vietnam,(041)737-3846,+1-556-888-3485x42608,mark42@robbins.com,2020-11-29,http://www.douglas.net/
13,e35426EbDEceaFF,Tracey,Mata,Graham-Francis,South Joannamouth,Togo,001-949-844-8787,(855)713-8773,alex56@walls.org,2021-12-02,http://www.beck.com/
14,A08A8aF8BE9FaD4,Kristine,Cox,Carpenter-Cook,Jodyberg,Sri Lanka,786-284-3358x62152,+1-315-627-1796x8074,holdenmiranda@clarke.com,2021-02-08,https://www.brandt.com/
15,6fEaA1b7cab7B6C,Faith,Lutz,Carter-Hancock,Burchbury,Singapore,(781)861-7180x8306,207-185-3665,cassieparrish@blevins-chapman.net,2022-01-26,http://stevenson.org/
16,8cad0b4CBceaeec,Miranda,Beasley,Singleton and Sons,Desireeshire,Oman,540.085.3135x185,+1-600-462-6432x21881,vduncan@parks-hardy.com,2022-04-12,http://acosta.org/
17,a5DC21AE3a21eaA,Caroline,Foley,Winters-Mendoza,West Adriennestad,Western Sahara,936.222.4746x9924,001-469-948-6341x359,holtgwendolyn@watson-davenport.com,2021-03-10,http://www.benson-roth.com/
18,F8Aa9d6DfcBeeF8,Greg,Mata,Valentine LLC,Lake Leslie,Mozambique,(701)087-2415,(195)156-1861x26241,jaredjuarez@carroll.org,2022-03-26,http://pitts-cherry.com/
19,F160f5Db3EfE973,Clifford,Jacobson,Simon LLC,Harmonview,South Georgia and the South Sandwich Islands,001-151-330-3524x0469,(748)477-7174,joseph26@jacobson.com,2020-09-24,https://mcconnell.com/
20,0F60FF3DdCd7aB0,Joanna,Kirk,Mays-Mccormick,Jamesshire,French Polynesia,(266)131-7001,(283)312-5579x11543,tuckerangie@salazar.net,2021-09-24,https://www.camacho.net/
21,FFf18C760aA5b27,Maxwell,Frye,"Patterson Inc",East Carly,Malta,423.262.3059,202-880-0688x7491,ehyde@brewer.biz,2020-12-19,http://www.akers.com/
22,A8d33B6B7Bd2cAB,Kelly,Jensen,Pruitt-Sandoval,East Garyhaven,Switzerland,1-869-868-1573x6357,(317)512-7396,sandersmegan@howell-bennett.com,2020-12-08,http://www.henderson-bryan.com/
23,EE5BCAdAf12a9aB,Carolyn,Castaneda,Burns and Sons,Smithside,Russian Federation,(803)845-2425x86260,001-637-329-4138x6489,thomastorres@reilly.biz,2021-02-15,https://wallace.com/
24,5fc339B927eb9e0,Marvin,Snyder,Welch-Bridges,New Tara,Marshall Islands,001-826-526-8995x52933,800.870.4480x52066,jane46@gray-dawson.com,2020-09-04,http://patton.org/
25,71Df6dBefF89F9f,Joel,Gonzales,Mcphee Inc,South Jamesborough,Macedonia,(936)937-1149,4396514745,carteralan@hayden.org,2020-04-12,https://santos.com/
26,d525CDA9caF1eba,Carly,Yates,Ho Inc,East Logan,Norway,(910)005-8589x52082,(143)646-2607,karenshepard@gordon-glover.com,2020-08-12,https://terrell.org/
27,9D8e4abB6Bef8B7,Esther,Castro,"Schultz, Mata and Sosa",West Tomasburgh,Albania,(202)512-8525x5612,4500220945,bhart@blair.info,2021-04-25,https://jordan-brown.com/
28,c6CCca6f4f7Fa6F,Alyssa,Mcdonald,"Garcia PLC",Lake Brentpoint,Bahamas,001-512-484-1097x5538,7727412127,sabrinacollier@horn.com,2021-01-02,http://www.shaffer.com/
29,DcF03c54CCa55Ad,Lawrence,Sanford,Mathis-Hayes,East Janefurt,Macao,001-345-451-4972x6452,(508)682-9166,kathryn08@gilbert.com,2020-02-14,https://www.harrison-pope.com/
30,2bdE45fc1Ad5ad8,Stephen,Holloway,Pacheco-Pittman,South Donald,Saint Pierre and Miquelon,001-947-942-1551x16710,279.586.7848x9947,michellecrane@hayes.com,2021-06-13,https://www.fox.org/
